species,email,seenNotSeen
Abeillia abeillei,kgobel0@archive.org,TRUE
Acanthidops bairdi,meyeington1@sciencedirect.com,FALSE
Accipiter striatus,pcaller2@youtu.be,FALSE
Accipiter cooperii,msheehy3@deviantart.com,FALSE
Accipiter gundlachi,ravrahm4@pbs.org,FALSE
Accipiter bicolor,bmeriton5@uol.com.br,FALSE
Accipiter gentilis,arottcher6@amazon.de,FALSE
Acridotheres tristis,sotoole7@tumblr.com,FALSE
Acrocephalus familiaris,bludye8@livejournal.com,FALSE
Acrocephalus schoenobaenus,fmoorman9@exblog.jp,FALSE
Acrocephalus dumetorum,rskinnera@blog.com,TRUE
Aechmophorus occidentalis,vmacarteb@diigo.com,TRUE
Aechmophorus clarkii,fburchillc@tamu.edu,FALSE
Aegolius funereus,gsansd@skyrock.com,TRUE
Aegolius acadicus,emcgeaghe@google.com.hk,TRUE
Aegolius ridgwayi,ieaglingf@hugedomains.com,TRUE
Aerodramus bartschi,edellarg@t.co,TRUE
Aeronautes saxatalis,jkingzetth@illinois.edu,FALSE
Aethia psittacula,lforti@sbwire.com,FALSE
Aethia pusilla,clindberghj@php.net,FALSE
Aethia pygmaea,abartolomeazzik@squidoo.com,FALSE
Aethia cristatella,arueggl@ustream.tv,FALSE
Agamia agami,mspearsm@sfgate.com,TRUE
Agelaius humeralis,dwhenmann@qq.com,FALSE
Agelaius xanthomus,rmapso@forbes.com,TRUE
Aimophila rufescens,dalibonep@cpanel.net,FALSE
Aimophila ruficeps,shaglintonq@pinterest.com,FALSE
Aimophila notosticta,dhenrysr@usatoday.com,FALSE
Alauda arvensis,ddurlings@wisc.edu,TRUE
Alca torda,giansont@wiley.com,TRUE
Alectoris chukar,gweathersu@rakuten.co.jp,FALSE
Alle alle,rphilippsonv@hhs.gov,TRUE
Allenia fusca,gcutcheew@noaa.gov,FALSE
Amandava amandava,ngammackx@feedburner.com,FALSE
Amaurolimnas concolor,vquinny@etsy.com,FALSE
Ammodramus savannarum,mstrethillz@friendfeed.com,TRUE
Amphispiza quinquestriata,rdurnford10@telegraph.co.uk,TRUE
Amphispiza bilineata,ccunrado11@miibeian.gov.cn,FALSE
Amphispizopsis quinquestriata,jshorland12@google.com.hk,FALSE
Androdon aequatorialis,aofihillie13@loc.gov,FALSE
Anser canagicus,kdaingerfield14@bloglines.com,FALSE
Anser caerulescens,tfinnie15@joomla.org,TRUE
Anser rossii,lpoulton16@furl.net,FALSE
Anser anser,gshegog17@jalbum.net,TRUE
Anser albifrons,kcerie18@vinaora.com,FALSE
Anser erythropus,hebben19@imageshack.us,FALSE
Anser fabalis,lkerman1a@independent.co.uk,TRUE
Anser serrirostris,lhonnicott1b@phoca.cz,FALSE
Anser brachyrhynchus,mbiernat1c@ed.gov,FALSE
Anthus trivialis,lwycherley1d@usgs.gov,FALSE
Anthus rubescens,tcardew1e@parallels.com,FALSE
Anthus pratensis,aamar1f@oaic.gov.au,TRUE
Anthus spragueii,hwitz1g@tmall.com,TRUE
Anthus lutescens,abirtwhistle1h@ftc.gov,FALSE
Antigone canadensis,amaclaren1i@dion.ne.jp,TRUE
Antrostomus vociferus,dlongworthy1j@oaic.gov.au,FALSE
Antrostomus saturatus,hsciacovelli1k@craigslist.org,FALSE
Antrostomus arizonae,otapper1l@apple.com,TRUE
Antrostomus noctitherus,boffer1m@forbes.com,TRUE
Aphelocoma woodhouseii,kcantor1n@dell.com,TRUE
Aphelocoma ultramarina,afridlington1o@mysql.com,FALSE
Aphelocoma wollweberi,ostobo1p@dailymotion.com,TRUE
Aphelocoma unicolor,bcofax1q@mozilla.com,TRUE
Apus apus,ewoolstenholmes1r@creativecommons.org,TRUE
Apus pacificus,fprobbing1s@about.com,TRUE
Apus melba,gbulward1t@virginia.edu,TRUE
Aquila chrysaetos,cnixon1u@biblegateway.com,FALSE
Aramides axillaris,uclines1v@over-blog.com,TRUE
Aramides albiventris,rbillinge1w@php.net,TRUE
Aramides cajaneus,sdanneil1x@dion.ne.jp,TRUE
Aramus guarauna,mnield1y@cyberchimps.com,TRUE
Archilochus colubris,tgokes1z@sitemeter.com,TRUE
Archilochus alexandri,aecclestone20@technorati.com,FALSE
Ardea herodias,bmarkham21@google.com,FALSE
Ardea cinerea,lrogerot22@ow.ly,FALSE
Ardea cocoi,lluker23@admin.ch,TRUE
Ardea purpurea,mgatherell24@answers.com,FALSE
Ardea alba,bcoady25@dropbox.com,TRUE
Ardenna pacifica,pstuchberry26@tamu.edu,FALSE
Ardenna bulleri,jbriscam27@abc.net.au,TRUE
Ardeola bacchus,rmothersdale28@gov.uk,FALSE
Arremonops rufivirgatus,vcammidge29@netvibes.com,FALSE
Arremonops chloronotus,lredgrove2a@japanpost.jp,FALSE
Arremonops conirostris,kstorre2b@aol.com,FALSE
Artemisiospiza nevadensis,mmannion2c@discovery.com,FALSE
Artemisiospiza belli,lgehrtz2d@wix.com,FALSE
Arundinax aedon,rvowell2e@who.int,TRUE
Asio otus,ejobb2f@mozilla.org,TRUE
Asio stygius,btotterdill2g@sitemeter.com,TRUE
Asio flammeus,vsmidmoor2h@bigcartel.com,FALSE
Asio clamator,dcarayol2i@java.com,FALSE
Asio grammicus,sjurs2j@sun.com,FALSE
Aspatha gularis,sivanonko2k@state.gov,TRUE
Athene cunicularia,eizakoff2l@europa.eu,TRUE
Atlapetes pileatus,scomiam2m@desdev.cn,TRUE
Atlapetes albinucha,rcurry2n@unblog.fr,FALSE
Atlapetes tibialis,sallnutt2o@soundcloud.com,TRUE
Atlapetes luteoviridis,rshales2p@omniture.com,TRUE
Atticora pileata,aosman2q@live.com,FALSE
Atticora tibialis,alune2r@ow.ly,FALSE
Auriparus flaviceps,ekelsall2s@irs.gov,TRUE
Automolus exsertus,dmudle2t@usgs.gov,TRUE
Automolus subulatus,msancraft2u@godaddy.com,FALSE
Baeolophus wollweberi,psutherel2v@mozilla.org,FALSE
Baeolophus inornatus,nweldrick2w@nih.gov,TRUE
Baeolophus ridgwayi,ppifford2x@stumbleupon.com,TRUE
Baeolophus bicolor,codlin2y@baidu.com,FALSE
Baeolophus atricristatus,mcurzon2z@msn.com,FALSE
Bartramia longicauda,itemprell30@photobucket.com,TRUE
Bonasa umbellus,gburles31@washingtonpost.com,FALSE
Botaurus pinnatus,lgorghetto32@twitter.com,TRUE
Botaurus lentiginosus,dmewitt33@so-net.ne.jp,TRUE
Brachygalba salmoni,bjustham34@yahoo.com,TRUE
Branta bernicla,jclemensen35@nsw.gov.au,FALSE
Branta leucopsis,gcarbonell36@google.com,FALSE
Branta hutchinsii,hstarking37@comsenz.com,FALSE
Branta canadensis,eoflaherty38@cisco.com,FALSE
Bubulcus ibis,jingarfield39@ft.com,TRUE
Bucephala albeola,sthyer3a@google.nl,TRUE
Bucephala clangula,apinare3b@github.io,FALSE
Bucephala islandica,aoreagan3c@cbsnews.com,FALSE
Burhinus bistriatus,cmedler3d@cnbc.com,TRUE
Busarellus nigricollis,kwillingale3e@businessweek.com,TRUE
Buteo brachyurus,dplowman3f@mayoclinic.com,FALSE
Buteo swainsoni,kboanas3g@berkeley.edu,TRUE
Buteo albonotatus,jenrigo3h@businessinsider.com,TRUE
Buteo jamaicensis,mbackhouse3i@lycos.com,FALSE
Buteo lagopus,cbleier3j@accuweather.com,FALSE
Buteo regalis,bmulliss3k@imgur.com,FALSE
Buteo rufinus,mtramel3l@huffingtonpost.com,FALSE
Buteogallus anthracinus,bvaadeland3m@purevolume.com,TRUE
Buteogallus gundlachii,tpietron3n@opera.com,FALSE
Buteogallus meridionalis,rdameisele3o@privacy.gov.au,TRUE
Buteogallus urubitinga,ifinney3p@dyndns.org,FALSE
Buteogallus solitarius,mkidwell3q@ted.com,TRUE
Butorides virescens,iblanch3r@xrea.com,FALSE
Butorides striata,suren3s@creativecommons.org,TRUE
Calamospiza melanocorys,ispurnier3t@unicef.org,TRUE
Calcarius lapponicus,swem3u@netlog.com,FALSE
Calcarius ornatus,tfeaviour3v@skyrock.com,TRUE
Calcarius pictus,sfeatherstonhaugh3w@wikia.com,FALSE
Callipepla squamata,jswinden3x@vkontakte.ru,TRUE
Callipepla douglasii,mswatridge3y@acquirethisname.com,TRUE
Callipepla gambelii,lodonnell3z@examiner.com,TRUE
Calliphlox bryantae,ahaseley40@nsw.gov.au,TRUE
Calliphlox mitchellii,tmavin41@booking.com,FALSE
Calonectris leucomelas,cgeikie42@dell.com,FALSE
Calonectris diomedea,sespinazo43@yahoo.co.jp,FALSE
Calonectris edwardsii,cscarrott44@examiner.com,FALSE
Calothorax lucifer,hlanglands45@yolasite.com,TRUE
Calothorax pulcher,bgrigoryev46@51.la,TRUE
Calypte anna,mspataro47@globo.com,FALSE
Calypte costae,elissandrini48@bloglines.com,FALSE
Calyptophilus tertius,hradish49@mediafire.com,TRUE
Calyptophilus frugivorus,dkellogg4a@nytimes.com,TRUE
Camptostoma imberbe,awalklot4b@etsy.com,FALSE
Camptostoma obsoletum,tmarjoram4c@eepurl.com,TRUE
Campylopterus hemileucurus,btompkins4d@bluehost.com,FALSE
Canachites canadensis,cgoodluck4e@ibm.com,TRUE
Cantorchilus elutus,cpardew4f@tumblr.com,TRUE
Cantorchilus nigricapillus,alambis4g@patch.com,TRUE
Cantorchilus semibadius,llawman4h@nifty.com,TRUE
Cantorchilus leucotis,afolks4i@harvard.edu,TRUE
Caprimulgus jotaka,gsalandino4j@xing.com,FALSE
Capsiempis flaveola,dbould4k@g.co,FALSE
Caracara plancus,aroutley4l@newyorker.com,FALSE
Caracara cheriway,drussell4m@homestead.com,TRUE
Caracara lutosa,kdoerren4n@mit.edu,FALSE
Cardellina canadensis,lmatignon4o@weather.com,TRUE
Cardellina pusilla,sovise4p@wordpress.org,TRUE
Cardellina rubrifrons,gjewkes4q@addtoany.com,TRUE
Cardellina rubra,mbyrth4r@apple.com,FALSE
Cardellina versicolor,vhailes4s@nba.com,TRUE
Caryothraustes poliogaster,lgeorger4t@pbs.org,TRUE
Caryothraustes canadensis,mmcevay4u@devhub.com,TRUE
Catharopeza bishopi,henion4v@twitter.com,FALSE
Cathartes aura,ldailey4w@barnesandnoble.com,FALSE
Cathartes burrovianus,brishbrook4x@wordpress.org,TRUE
Catharus gracilirostris,tkinghorne4y@bing.com,FALSE
Catharus aurantiirostris,cthibodeaux4z@google.it,TRUE
Catharus dryas,hhackford50@marriott.com,FALSE
Catharus fuscescens,gtwyning51@ibm.com,FALSE
Catharus minimus,pbenoy52@mozilla.com,FALSE
Catharus bicknelli,lshirrell53@upenn.edu,TRUE
Catharus ustulatus,mshannahan54@gov.uk,FALSE
Catharus guttatus,mzapatero55@rediff.com,TRUE
Centrocercus urophasianus,asarfati56@timesonline.co.uk,TRUE
Centrocercus minimus,kcastard57@cafepress.com,TRUE
Cepphus grylle,smanon58@list-manage.com,TRUE
Cepphus columba,ggreenall59@g.co,FALSE
Cerorhinca monocerata,rdedon5a@adobe.com,TRUE
Certhia americana,rjenicek5b@cmu.edu,TRUE
Chaetura cinereiventris,rsamson5c@tiny.cc,FALSE
Chaetura spinicaudus,mcowburn5d@cnbc.com,FALSE
Chaetura fumosa,bpessolt5e@merriam-webster.com,FALSE
Chaetura martinica,aareles5f@php.net,FALSE
Chaetura pelagica,ccerro5g@delicious.com,TRUE
Chaetura vauxi,hwoof5h@sbwire.com,FALSE
Chaetura chapmani,jdemicoli5i@livejournal.com,FALSE
Chaetura meridionalis,ublunt5j@columbia.edu,TRUE
Chaetura brachyura,nchaff5k@blinklist.com,FALSE
Chalybura urochrysia,nblasgen5l@parallels.com,TRUE
Chalybura buffonii,hcondy5m@domainmarket.com,TRUE
Chamaepetes unicolor,iblindmann5n@gov.uk,TRUE
Charadrius mongolus,dtremble5o@about.me,FALSE
Charadrius leschenaultii,byakobovitz5p@engadget.com,FALSE
Charadrius veredus,segle5q@ucoz.ru,TRUE
Charadrius wilsonia,mguiu5r@myspace.com,FALSE
Charadrius collaris,hallewell5s@clickbank.net,FALSE
Charadrius montanus,rwhall5t@prweb.com,FALSE
Charadrius nivosus,clowery5u@europa.eu,FALSE
Chlidonias niger,gguillem5v@multiply.com,TRUE
Chlidonias leucopterus,shargitt5w@chicagotribune.com,FALSE
Chlidonias hybrida,dgully5x@ihg.com,TRUE
Chlorestes candida,ssavidge5y@geocities.com,TRUE
Chlorestes eliciae,rdunmuir5z@wiley.com,TRUE
Chlorestes julie,uedinburough60@wikia.com,FALSE
Chloridops kona,agirardini61@artisteer.com,FALSE
Chloroceryle amazona,hsimonite62@amazon.com,TRUE
Chloroceryle aenea,dclaesens63@ucsd.edu,FALSE
Chloroceryle americana,vcossom64@fastcompany.com,FALSE
Chloroceryle inda,kaldwich65@tinyurl.com,TRUE
Chlorophonia elegantissima,uphillpot66@parallels.com,TRUE
Chlorophonia musica,anewhouse67@uol.com.br,FALSE
Chlorophonia flavirostris,mgaltone68@jigsy.com,FALSE
Chlorophonia occipitalis,dcreasy69@si.edu,FALSE
Chlorophonia callophrys,bkiff6a@huffingtonpost.com,TRUE
Chlorothraupis carmioli,lmeasures6b@uol.com.br,FALSE
Chlorothraupis olivacea,zkubczak6c@sciencedirect.com,FALSE
Chondestes grammacus,aolphert6d@cdbaby.com,TRUE
Chondrohierax uncinatus,jstailey6e@netvibes.com,TRUE
Chordeiles acutipennis,mboal6f@ifeng.com,FALSE
Chordeiles minor,cmccallum6g@psu.edu,FALSE
Chordeiles gundlachii,tiianon6h@house.gov,TRUE
Chroicocephalus philadelphia,tkeers6i@ed.gov,TRUE
Chroicocephalus cirrocephalus,fofinan6j@globo.com,FALSE
Chroicocephalus ridibundus,jshevelin6k@state.gov,FALSE
Chrysomus icterocephalus,mkingwell6l@abc.net.au,TRUE
Ciccaba virgata,csinnat6m@miibeian.gov.cn,TRUE
Ciccaba nigrolineata,aalcide6n@bravesites.com,TRUE
Ciconia maguari,iyakuntsov6o@disqus.com,TRUE
Cinclocerthia ruficauda,blensch6p@nymag.com,TRUE
Cinclocerthia gutturalis,wbaldack6q@indiatimes.com,TRUE
Cinclus mexicanus,cblaszczyk6r@livejournal.com,TRUE
Ciridops anna,dmitchel6s@slideshare.net,TRUE
Cistothorus stellaris,mamos6t@cbc.ca,FALSE
Cistothorus platensis,crenouf6u@nba.com,TRUE
Cistothorus palustris,pwedderburn6v@hp.com,FALSE
Clangula hyemalis,cschankelborg6w@dropbox.com,FALSE
Claravis pretiosa,laxford6x@latimes.com,FALSE
Cnipodectes subbrunneus,stift6y@nba.com,TRUE
Coccyzus euleri,kstebbings6z@biblegateway.com,TRUE
Coccyzus minor,oscotson70@free.fr,TRUE
Coccyzus ferrugineus,stwentyman71@posterous.com,FALSE
Coccyzus erythropthalmus,hlabro72@ed.gov,FALSE
Coccyzus lansbergi,ggomery73@ask.com,TRUE
Coccyzus pluvialis,jschankel74@domainmarket.com,FALSE
Coccyzus rufigularis,ltorns75@odnoklassniki.ru,TRUE
Coccyzus vetula,smorhall76@marriott.com,FALSE
Coccyzus vieilloti,scudihy77@ifeng.com,TRUE
Coccyzus merlini,dhaydn78@issuu.com,FALSE
Coccyzus longirostris,afarnes79@businessweek.com,TRUE
Cochlearius cochlearius,bmckelvey7a@mapy.cz,TRUE
Colibri delphinae,igould7b@blogs.com,FALSE
Colibri thalassinus,dluxen7c@wix.com,FALSE
Colibri cyanotus,gsiddell7d@networkadvertising.org,TRUE
Colinus virginianus,cgrzegorek7e@cnbc.com,TRUE
Colinus nigrogularis,nmcareavey7f@fema.gov,FALSE
Colinus cristatus,ephilp7g@scribd.com,FALSE
Colonia colonus,jstopford7h@shinystat.com,FALSE
Columba livia,ssoffe7i@prnewswire.com,FALSE
Columba palumbus,kkubatsch7j@ebay.com,TRUE
Columbina inca,delsby7k@studiopress.com,FALSE
Columbina passerina,ksampson7l@nasa.gov,FALSE
Columbina minuta,srenney7m@paginegialle.it,TRUE
Columbina talpacoti,ltuckett7n@pagesperso-orange.fr,TRUE
Copsychus malabaricus,agreenstock7o@163.com,FALSE
Coragyps atratus,boflynn7p@arstechnica.com,FALSE
Corvus monedula,cfeek7q@taobao.com,FALSE
Corvus frugilegus,kdavidowsky7r@merriam-webster.com,TRUE
Corvus brachyrhynchos,cbulle7s@zimbio.com,FALSE
Corvus cornix,psidlow7t@naver.com,TRUE
Corvus jamaicensis,edrinkhill7u@a8.net,TRUE
Corvus sinaloae,hesson7v@oaic.gov.au,FALSE
Corvus ossifragus,jelleton7w@domainmarket.com,TRUE
Corvus corax,mocuddie7x@eventbrite.com,TRUE
Coturnix japonica,cmaceveley7y@bing.com,TRUE
Crax rubra,bpomeroy7z@xrea.com,TRUE
Creagrus furcatus,edrowsfield80@rambler.ru,TRUE
Crex crex,pplanks81@lulu.com,FALSE
Cryptoleucopteryx plumbea,dtombling82@miitbeian.gov.cn,TRUE
Crypturellus soui,lratie83@wp.com,TRUE
Crypturellus cinnamomeus,lworvell84@elegantthemes.com,FALSE
Crypturellus boucardi,vrahill85@ucla.edu,TRUE
Crypturellus kerriae,mcrumly86@sciencedirect.com,FALSE
Cyanecula svecica,tconerding87@apple.com,TRUE
Cyanerpes lucidus,dganing88@aboutads.info,FALSE
Cyanerpes caeruleus,kranklin89@mozilla.com,FALSE
Cyanerpes cyaneus,tjaffray8a@guardian.co.uk,FALSE
Cyanocitta stelleri,nsmitten8b@hhs.gov,FALSE
Cyanocitta cristata,dshayler8c@reverbnation.com,FALSE
Cyanolimnas cerverai,clochhead8d@google.com,TRUE
Cyanolyca mirabilis,apetty8e@google.es,FALSE
Cyanolyca nanus,cnaisbet8f@mayoclinic.com,TRUE
Cyanolyca pumilo,abirdsey8g@mtv.com,FALSE
Cyanolyca argentigula,lverduin8h@ox.ac.uk,FALSE
Cymbilaimus lineatus,jhaughey8i@theatlantic.com,TRUE
Cyphorhinus phaeocephalus,mlaurie8j@ezinearticles.com,FALSE
Cypseloides niger,aburgess8k@rambler.ru,TRUE
Cypseloides storeri,womullaney8l@is.gd,FALSE
Cypseloides cryptus,cfiggen8m@yellowpages.com,FALSE
Cypseloides cherriei,glere8n@soup.io,FALSE
Cyrtonyx montezumae,opryor8o@godaddy.com,FALSE
Cyrtonyx ocellatus,crubra8p@boston.com,FALSE
Dacnis venusta,alagden8q@adobe.com,TRUE
Dacnis cayana,cseres8r@miitbeian.gov.cn,FALSE
Dactylortyx thoracicus,rmckevany8s@craigslist.org,TRUE
Deconychura longicauda,dbuist8t@independent.co.uk,FALSE
Delichon urbicum,hritter8u@nasa.gov,FALSE
Dendragapus obscurus,vmcginny8v@hibu.com,TRUE
Dendrocincla homochroa,rglenny8w@fotki.com,TRUE
Dendrocincla anabatina,eboydon8x@w3.org,FALSE
Dendrocincla fuliginosa,bgovan8y@sfgate.com,TRUE
Dendrocolaptes sanctithomae,tmulder8z@skype.com,TRUE
Dendrocolaptes picumnus,lbanghe90@uol.com.br,TRUE
Dendrocygna viduata,nfransemai91@deliciousdays.com,FALSE
Dendrocygna autumnalis,lkrysztowczyk92@people.com.cn,FALSE
Dendrocygna arborea,njays93@hao123.com,TRUE
Dendrocygna bicolor,wtwitchings94@wikipedia.org,TRUE
Dendrortyx leucophrys,sfricke95@usgs.gov,FALSE
Dendrortyx macroura,aelleyne96@marriott.com,TRUE
Dendrortyx barbatus,bkeep97@newsvine.com,TRUE
Diglossa baritula,tblanch98@mlb.com,TRUE
Diglossa plumbea,lthorneloe99@weather.com,FALSE
Donacobius atricapilla,sabramski9a@deviantart.com,FALSE
Doricha enicura,cclappson9b@lulu.com,FALSE
Doricha eliza,hdavidovitch9c@weebly.com,FALSE
Doryfera ludovicae,djaquiss9d@netlog.com,TRUE
Drepanis coccinea,lmattiassi9e@cisco.com,FALSE
Drepanis pacifica,akirby9f@mozilla.org,FALSE
Drepanis funerea,nmeegin9g@networksolutions.com,TRUE
Dumetella carolinensis,hcuree9h@columbia.edu,TRUE
Dysithamnus mentalis,bdecarolis9i@newyorker.com,TRUE
Dysmorodrepanis munroi,croony9j@comsenz.com,TRUE
Ectopistes migratorius,cklemt9k@cocolog-nifty.com,TRUE
Elaenia martinica,hnitto9l@blogspot.com,TRUE
Elaenia flavogaster,mdoyley9m@fc2.com,FALSE
Elaenia albiceps,flett9n@dedecms.com,FALSE
Elaenia chiriquensis,amerryman9o@microsoft.com,FALSE
Elaenia frantzii,pcowpland9p@about.com,TRUE
Elaenia fallax,sbathurst9q@ameblo.jp,FALSE
Elanoides forficatus,sliver9r@nbcnews.com,FALSE
Elanus leucurus,aletertre9s@networkadvertising.org,FALSE
Emberiza leucocephalos,jmccurlye9t@ihg.com,TRUE
Emberiza pusilla,qweson9u@vkontakte.ru,TRUE
Emberiza rustica,dbech9v@arstechnica.com,TRUE
Empidonax alnorum,djorg9w@jimdo.com,TRUE
Empidonax traillii,fnorthin9x@imageshack.us,FALSE
Empidonax minimus,aamiss9y@vimeo.com,TRUE
Empidonax hammondii,fduferie9z@whitehouse.gov,FALSE
Empidonax affinis,hsimionescua0@google.ru,TRUE
Empidonax occidentalis,kferreaa1@icio.us,TRUE
Eremophila alpestris,rmacphadena2@rakuten.co.jp,FALSE
Erithacus rubecula,eandriolia3@technorati.com,TRUE
Eudocimus albus,jlegueya4@independent.co.uk,TRUE
Eudocimus ruber,fdumsdaya5@ed.gov,FALSE
Eugenes fulgens,hstolla6@dot.gov,FALSE
Eugenes spectabilis,erabla7@sourceforge.net,TRUE
Euneornis campestris,tmyderscougha8@miibeian.gov.cn,TRUE
Euodice cantans,cmontforda9@tripadvisor.com,TRUE
Euodice malabarica,jmallenaa@bbb.org,TRUE
Euphagus carolinus,adevonportab@boston.com,FALSE
Euphagus cyanocephalus,rhickissonac@samsung.com,TRUE
Euphonia affinis,jfoxonad@jimdo.com,TRUE
Euphonia laniirostris,dsilcocksae@a8.net,TRUE
Euphonia imitans,dlefeveraf@msu.edu,TRUE
Euphonia fulvicrissa,cstolleag@sakura.ne.jp,TRUE
Euplectes franciscanus,wvilesah@army.mil,TRUE
Euplectes afer,amcgroartyai@e-recht24.de,FALSE
Euptilotis neoxenus,jbockhaj@typepad.com,TRUE
Eurypyga helias,kbampfordak@cdbaby.com,TRUE
Eutoxeres aquila,dtulleyal@miitbeian.gov.cn,TRUE
Falcipennis canadensis,telkingtonam@dropbox.com,FALSE
Falco femoralis,jcapnoran@pagesperso-orange.fr,TRUE
Falco rufigularis,ltitcomao@guardian.co.uk,TRUE
Falco deiroleucus,arayap@smugmug.com,FALSE
Falco rusticolus,jkinnaraq@unblog.fr,FALSE
Falco peregrinus,cleveretar@dmoz.org,FALSE
Falco mexicanus,rbourthouloumeas@prlog.org,TRUE
Florisuga mellivora,bpiggenat@indiatimes.com,FALSE
Fluvicola pica,djakobssonau@opera.com,TRUE
Formicarius moniliger,imallonav@drupal.org,TRUE
Formicarius analis,gmackartanaw@cdc.gov,TRUE
Formicarius nigricapillus,dcrewsax@google.ca,TRUE
Formicarius rufipectus,lgwionethay@toplist.cz,FALSE
Fratercula arctica,gbecraftaz@telegraph.co.uk,TRUE
Fratercula corniculata,spurkinsb0@slashdot.org,FALSE
Fratercula cirrhata,mchmarnyb1@mashable.com,FALSE
Fregata ariel,mayreb2@studiopress.com,FALSE
Fregata magnificens,kleipnikb3@exblog.jp,TRUE
Fregata minor,dwollardb4@eventbrite.com,FALSE
Fregetta tropica,klimonb5@google.de,TRUE
Fringilla coelebs,dklewib6@netlog.com,FALSE
Fringilla montifringilla,espinellab7@army.mil,TRUE
Fulica atra,sfellenorb8@blinklist.com,TRUE
Gallinula galeata,sklampkb9@uiuc.edu,FALSE
Gallinula chloropus,ohasseyba@liveinternet.ru,TRUE
Gampsonyx swainsonii,twordleybb@soundcloud.com,TRUE
Gavia stellata,salgatebc@google.com,TRUE
Gavia arctica,jstrephanbd@fotki.com,FALSE
Gavia pacifica,kcrinagebe@vimeo.com,TRUE
Gavia immer,gfaustianbf@scribd.com,FALSE
Gavia adamsii,cdacresbg@blogger.com,FALSE
Gelochelidon nilotica,mdalgarnobh@vkontakte.ru,FALSE
Geopelia striata,theadsbi@amazon.co.uk,TRUE
Geotrygon versicolor,bgrassibj@google.nl,TRUE
Geranospiza caerulescens,cbaggsbk@microsoft.com,TRUE
Glareola pratincola,ngifkinsbl@cpanel.net,TRUE
Glareola maldivarum,cmcpheebm@plala.or.jp,FALSE
Glaucidium siju,clivardbn@dailymotion.com,TRUE
Glaucis aeneus,slawleffbo@1688.com,FALSE
Glaucis hirsutus,tgerrietzbp@live.com,FALSE
Glyphorynchus spirurus,ssegravebq@bigcartel.com,FALSE
Grallaria guatimalensis,tspriggingbr@google.es,TRUE
Grallaricula flavirostris,scotesfordbs@wordpress.com,FALSE
Grus grus,cpolhillbt@nationalgeographic.com,FALSE
Grus americana,fwheldonbu@bloglines.com,TRUE
Gymnasio nudipes,gsimminsbv@bravesites.com,FALSE
Gymnogyps californianus,lswanborrowbw@amazon.de,FALSE
Gymnopithys bicolor,seliezbx@flavors.me,FALSE
Habia rubica,echellamby@infoseek.co.jp,TRUE
Habia fuscicauda,lgellettbz@disqus.com,TRUE
Habia atrimaxillaris,lmickac0@tinyurl.com,TRUE
Haematopus ostralegus,ktrainc1@phpbb.com,TRUE
Haematopus palliatus,ldefewc2@bluehost.com,TRUE
Haematopus bachmani,mkintzelc3@smugmug.com,TRUE
Haliaeetus leucocephalus,cperillioc4@gmpg.org,TRUE
Haliaeetus albicilla,ekhilkovc5@wordpress.org,TRUE
Haliaeetus pelagicus,wcarpmilec6@meetup.com,TRUE
Haplophaedia aureliae,bmchalec7@answers.com,TRUE
Haplospiza rustica,ipooleyc8@t-online.de,TRUE
Harpia harpyja,scoakerc9@comcast.net,TRUE
Helicolestes hamatus,bveazeyca@ebay.com,TRUE
Heliodoxa jacula,dkedsliecb@tmall.com,FALSE
Heliomaster longirostris,mmothcc@census.gov,FALSE
Heliomaster constantii,honslowcd@virginia.edu,TRUE
Henicorhina leucosticta,ghagyardce@skype.com,FALSE
Henicorhina leucophrys,ccondycf@xrea.com,TRUE
Himantopus himantopus,kmontezcg@com.com,FALSE
Himantopus mexicanus,tkidstonch@ycombinator.com,TRUE
Himatione fraithii,jweinsci@youku.com,TRUE
Himatione sanguinea,edulantycj@goodreads.com,FALSE
Hirundapus caudacutus,egentyck@google.de,TRUE
Hydrobates leucorhous,bullyottcl@themeforest.net,FALSE
Hydrobates macrodactylus,ndobelcm@cbc.ca,TRUE
Hydrobates markhami,cfippecn@bbb.org,FALSE
Hydrobates tristrami,hfidoeco@google.de,TRUE
Hydrobates microsoma,hdevonscp@symantec.com,TRUE
Hydrocoloeus minutus,hpaulercq@xrea.com,TRUE
Hydroprogne caspia,bgagiecr@blog.com,TRUE
Hydropsalis cayennensis,tdelioncs@comsenz.com,TRUE
Hydropsalis maculicaudus,dandrivotct@cloudflare.com,TRUE
Hylocichla mustelina,yloinescu@oakley.com,FALSE
Hylomanes momotula,rmanachcv@domainmarket.com,FALSE
Hylopezus perspicillatus,talpescw@mozilla.com,FALSE
Hylopezus dives,ralywincx@ustream.tv,TRUE
Hylophylax naevioides,gdarwentcy@xrea.com,TRUE
Icterus maculialatus,jsturzakercz@mapy.cz,TRUE
Icterus spurius,mmayned0@newsvine.com,TRUE
Icterus cucullatus,hoscolleed1@google.ru,TRUE
Icterus pectoralis,tcrowed2@noaa.gov,FALSE
Ictinia mississippiensis,asprulld3@geocities.jp,TRUE
Ictinia plumbea,echattawayd4@army.mil,FALSE
Ixoreus naevius,jkuzemkad5@dell.com,TRUE
Jabiru mycteria,athundermand6@hostgator.com,TRUE
Jacana spinosa,ldunsleved7@bloglovin.com,TRUE
Jacana jacana,gcockertond8@illinois.edu,TRUE
Junco vulcani,abenfieldd9@amazonaws.com,FALSE
Junco insularis,lflooksda@globo.com,FALSE
Junco hyemalis,gphillcockdb@time.com,FALSE
Junco phaeonotus,gdowtydc@paypal.com,FALSE
Junco bairdi,oholtawaydd@sogou.com,TRUE
Klais guimeti,drikelde@theguardian.com,FALSE
Lagopus lagopus,szecchiidf@samsung.com,FALSE
Lagopus muta,timosdg@hc360.com,TRUE
Lagopus leucura,kcaurahdh@miibeian.gov.cn,FALSE
Lampornis viridipallens,aelleraydi@youtu.be,TRUE
Lampornis sybillae,cgheraldidj@sbwire.com,FALSE
Lampornis amethystinus,gmirandodk@vk.com,FALSE
Lampornis clemenciae,tnicholasdl@guardian.co.uk,TRUE
Lampornis hemileucus,eneumanndm@shop-pro.jp,FALSE
Lampornis calolaemus,bmccamishdn@csmonitor.com,TRUE
Lampornis castaneoventris,dcallumdo@topsy.com,FALSE
Lamprolaima rhami,mphizackarleydp@over-blog.com,TRUE
Lanius cristatus,ivitalldq@ca.gov,FALSE
Lanius collurio,jmcgaugheydr@symantec.com,TRUE
Lanius ludovicianus,jprobertds@examiner.com,FALSE
Lanius borealis,schoatdt@youku.com,FALSE
Larosterna inca,kfurlongedu@lycos.com,FALSE
Larvivora cyane,ajovovicdv@behance.net,FALSE
Larvivora sibilans,kgobel0@archive.org,FALSE
Leptodon cayanensis,meyeington1@sciencedirect.com,TRUE
Leptopogon amaurocephalus,pcaller2@youtu.be,FALSE
Leptopogon superciliaris,msheehy3@deviantart.com,TRUE
Leucophaeus modestus,ravrahm4@pbs.org,FALSE
Leucophaeus atricilla,bmeriton5@uol.com.br,FALSE
Leucophaeus pipixcan,arottcher6@amazon.de,TRUE
Lonchura punctulata,sotoole7@tumblr.com,TRUE
Lonchura malacca,bludye8@livejournal.com,FALSE
Lonchura atricapilla,fmoorman9@exblog.jp,TRUE
Lonchura oryzivora,rskinnera@blog.com,FALSE
Lophodytes cucullatus,vmacarteb@diigo.com,TRUE
Lophotriccus pileatus,fburchillc@tamu.edu,FALSE
Lophotriccus pilaris,gsansd@skyrock.com,FALSE
Loxioides bailleui,emcgeaghe@google.com.hk,TRUE
Lurocalis semitorquatus,ieaglingf@hugedomains.com,TRUE
Malacoptila panamensis,edellarg@t.co,TRUE
Margarops fuscatus,jkingzetth@illinois.edu,TRUE
Megascops trichopsis,lforti@sbwire.com,TRUE
Megascops clarkii,clindberghj@php.net,FALSE
Megascops choliba,abartolomeazzik@squidoo.com,FALSE
Megascops barbarus,arueggl@ustream.tv,FALSE
Melanerpes erythrocephalus,mspearsm@sfgate.com,FALSE
Melanerpes formicivorus,dwhenmann@qq.com,FALSE
Melanerpes chrysauchen,rmapso@forbes.com,FALSE
Melanerpes pucherani,dalibonep@cpanel.net,FALSE
Melanerpes striatus,shaglintonq@pinterest.com,FALSE
Melanerpes radiolatus,dhenrysr@usatoday.com,FALSE
Melanerpes chrysogenys,ddurlings@wisc.edu,FALSE
Melanerpes hypopolius,giansont@wiley.com,FALSE
Melanerpes pygmaeus,gweathersu@rakuten.co.jp,FALSE
Melanerpes rubricapillus,rphilippsonv@hhs.gov,FALSE
Melanitta deglandi,gcutcheew@noaa.gov,TRUE
Melanitta stejnegeri,ngammackx@feedburner.com,TRUE
Melanitta nigra,vquinny@etsy.com,TRUE
Melanitta americana,mstrethillz@friendfeed.com,TRUE
Melanoptila glabrirostris,rdurnford10@telegraph.co.uk,TRUE
Melanospiza bicolor,ccunrado11@miibeian.gov.cn,TRUE
Melanospiza richardsoni,jshorland12@google.com.hk,TRUE
Melanotis caerulescens,aofihillie13@loc.gov,FALSE
Melanotis hypoleucus,kdaingerfield14@bloglines.com,TRUE
Meleagris gallopavo,tfinnie15@joomla.org,TRUE
Meleagris ocellata,lpoulton16@furl.net,TRUE
Mellisuga minima,gshegog17@jalbum.net,FALSE
Mellisuga helenae,kcerie18@vinaora.com,FALSE
Melopyrrha portoricensis,hebben19@imageshack.us,TRUE
Melopyrrha grandis,lkerman1a@independent.co.uk,FALSE
Melopyrrha nigra,lhonnicott1b@phoca.cz,TRUE
Melopyrrha violacea,mbiernat1c@ed.gov,FALSE
Melozone crissalis,lwycherley1d@usgs.gov,TRUE
Melozone leucotis,tcardew1e@parallels.com,TRUE
Melozone biarcuata,aamar1f@oaic.gov.au,FALSE
Melozone cabanisi,hwitz1g@tmall.com,FALSE
Mergellus albellus,abirtwhistle1h@ftc.gov,FALSE
Mergus merganser,amaclaren1i@dion.ne.jp,FALSE
Mergus serrator,dlongworthy1j@oaic.gov.au,FALSE
Mesembrinibis cayennensis,hsciacovelli1k@craigslist.org,TRUE
Micrathene whitneyi,otapper1l@apple.com,FALSE
Microcerculus philomela,boffer1m@forbes.com,TRUE
Microcerculus marginatus,kcantor1n@dell.com,FALSE
Micromonacha lanceolata,afridlington1o@mysql.com,TRUE
Milvago chimachima,ostobo1p@dailymotion.com,FALSE
Milvus migrans,bcofax1q@mozilla.com,FALSE
Mimus polyglottos,ewoolstenholmes1r@creativecommons.org,TRUE
Mionectes olivaceus,fprobbing1s@about.com,TRUE
Mionectes oleagineus,gbulward1t@virginia.edu,TRUE
Molothrus bonariensis,cnixon1u@biblegateway.com,FALSE
Molothrus aeneus,uclines1v@over-blog.com,FALSE
Molothrus ater,rbillinge1w@php.net,FALSE
Molothrus oryzivorus,sdanneil1x@dion.ne.jp,FALSE
Momotus mexicanus,mnield1y@cyberchimps.com,FALSE
Momotus coeruliceps,tgokes1z@sitemeter.com,TRUE
Monasa morphoeus,aecclestone20@technorati.com,TRUE
Morphnus guianensis,bmarkham21@google.com,TRUE
Motacilla citreola,lrogerot22@ow.ly,FALSE
Motacilla cinerea,lluker23@admin.ch,TRUE
Motacilla alba,mgatherell24@answers.com,TRUE
Muscicapa griseisticta,bcoady25@dropbox.com,TRUE
Muscicapa dauurica,pstuchberry26@tamu.edu,FALSE
Muscicapa striata,jbriscam27@abc.net.au,FALSE
Muscicapa sibirica,rmothersdale28@gov.uk,FALSE
Myadestes townsendi,vcammidge29@netvibes.com,TRUE
Myadestes occidentalis,lredgrove2a@japanpost.jp,TRUE
Myadestes elisabeth,kstorre2b@aol.com,TRUE
Myadestes genibarbis,mmannion2c@discovery.com,FALSE
Mycteria americana,lgehrtz2d@wix.com,TRUE
Myiarchus yucatanensis,rvowell2e@who.int,FALSE
Myiarchus barbirostris,ejobb2f@mozilla.org,TRUE
Myiarchus nuttingi,btotterdill2g@sitemeter.com,FALSE
Myiarchus crinitus,vsmidmoor2h@bigcartel.com,TRUE
Myiarchus tyrannulus,dcarayol2i@java.com,FALSE
Myiarchus nugator,sjurs2j@sun.com,FALSE
Myiarchus validus,sivanonko2k@state.gov,FALSE
Myiarchus sagrae,eizakoff2l@europa.eu,FALSE
Myiarchus stolidus,scomiam2m@desdev.cn,TRUE
Myiarchus antillarum,rcurry2n@unblog.fr,TRUE
Myiarchus oberi,sallnutt2o@soundcloud.com,FALSE
Myiobius sulphureipygius,rshales2p@omniture.com,FALSE
Myiobius atricaudus,aosman2q@live.com,FALSE
Myioborus pictus,alune2r@ow.ly,TRUE
Myioborus miniatus,ekelsall2s@irs.gov,TRUE
Myioborus torquatus,dmudle2t@usgs.gov,FALSE
Myiopagis gaimardii,msancraft2u@godaddy.com,TRUE
Myiopagis caniceps,psutherel2v@mozilla.org,TRUE
Myiopagis cotta,nweldrick2w@nih.gov,FALSE
Myiopagis viridicata,ppifford2x@stumbleupon.com,TRUE
Myiornis atricapillus,codlin2y@baidu.com,FALSE
Myrmeciza zeledoni,mcurzon2z@msn.com,TRUE
Myrmornis torquata,itemprell30@photobucket.com,TRUE
Nannopterum auritum,gburles31@washingtonpost.com,TRUE
Nannopterum brasilianum,lgorghetto32@twitter.com,FALSE
Neocrex colombiana,dmewitt33@so-net.ne.jp,FALSE
Neocrex erythrops,bjustham34@yahoo.com,FALSE
Nesophlox evelynae,jclemensen35@nsw.gov.au,TRUE
Nesophlox lyrura,gcarbonell36@google.com,FALSE
Nesotriccus ridgwayi,hstarking37@comsenz.com,FALSE
Nesotriccus murinus,eoflaherty38@cisco.com,TRUE
Ninox japonica,jingarfield39@ft.com,FALSE
Nomonyx dominicus,sthyer3a@google.nl,FALSE
Nonnula frontalis,apinare3b@github.io,FALSE
Notharchus hyperrhynchus,aoreagan3c@cbsnews.com,TRUE
Notharchus pectoralis,cmedler3d@cnbc.com,FALSE
Notharchus tectus,kwillingale3e@businessweek.com,TRUE
Notharchus plantou,dplowman3f@mayoclinic.com,FALSE
Numenius tahitiensis,kboanas3g@berkeley.edu,TRUE
Numenius phaeopus,jenrigo3h@businessinsider.com,TRUE
Numenius minutus,mbackhouse3i@lycos.com,TRUE
Numenius borealis,cbleier3j@accuweather.com,FALSE
Numida meleagris,bmulliss3k@imgur.com,FALSE
Nyctanassa violacea,mtramel3l@huffingtonpost.com,FALSE
Nyctibius grandis,bvaadeland3m@purevolume.com,TRUE
Nyctibius griseus,tpietron3n@opera.com,FALSE
Nycticorax nycticorax,rdameisele3o@privacy.gov.au,TRUE
Nyctidromus albicollis,ifinney3p@dyndns.org,FALSE
Nyctiphrynus mcleodii,mkidwell3q@ted.com,FALSE
Nystalus radiatus,iblanch3r@xrea.com,TRUE
Oceanites oceanicus,suren3s@creativecommons.org,TRUE
Odontophorus gujanensis,ispurnier3t@unicef.org,TRUE
Odontophorus melanotis,swem3u@netlog.com,FALSE
Odontophorus dialeucos,tfeaviour3v@skyrock.com,TRUE
Odontophorus leucolaemus,sfeatherstonhaugh3w@wikia.com,FALSE
Odontophorus guttatus,jswinden3x@vkontakte.ru,FALSE
Oncostoma cinereigulare,mswatridge3y@acquirethisname.com,TRUE
Oncostoma olivaceum,lodonnell3z@examiner.com,FALSE
Oreophasis derbianus,ahaseley40@nsw.gov.au,FALSE
Oreortyx pictus,tmavin41@booking.com,TRUE
Ornithion semiflavum,cgeikie42@dell.com,TRUE
Ornithion brunneicapillus,sespinazo43@yahoo.co.jp,FALSE
Ortalis vetula,cscarrott44@examiner.com,FALSE
Ortalis cinereiceps,hlanglands45@yolasite.com,FALSE
Ortalis ruficauda,bgrigoryev46@51.la,FALSE
Ortalis wagleri,mspataro47@globo.com,FALSE
Ortalis poliocephala,elissandrini48@bloglines.com,FALSE
Ortalis leucogastra,hradish49@mediafire.com,TRUE
Orthorhyncus cristatus,dkellogg4a@nytimes.com,TRUE
Otus sunia,awalklot4b@etsy.com,TRUE
Oxyura jamaicensis,tmarjoram4c@eepurl.com,FALSE
Padda oryzivora,btompkins4d@bluehost.com,FALSE
Pagophila eburnea,cgoodluck4e@ibm.com,FALSE
Palmeria dolei,cpardew4f@tumblr.com,TRUE
Pampa curvipennis,alambis4g@patch.com,FALSE
Pampa excellens,llawman4h@nifty.com,TRUE
Pampa rufa,afolks4i@harvard.edu,TRUE
Pandion haliaetus,gsalandino4j@xing.com,TRUE
Panterpe insignis,dbould4k@g.co,FALSE
Panyptila cayennensis,aroutley4l@newyorker.com,FALSE
Panyptila sanctihieronymi,drussell4m@homestead.com,TRUE
Paraclaravis mondetoura,kdoerren4n@mit.edu,TRUE
Pardirallus maculatus,lmatignon4o@weather.com,FALSE
Patagioenas cayennensis,sovise4p@wordpress.org,FALSE
Patagioenas speciosa,gjewkes4q@addtoany.com,TRUE
Patagioenas squamosa,mbyrth4r@apple.com,FALSE
Patagioenas leucocephala,vhailes4s@nba.com,TRUE
Patagioenas flavirostris,lgeorger4t@pbs.org,FALSE
Patagioenas inornata,mmcevay4u@devhub.com,TRUE
Patagioenas fasciata,henion4v@twitter.com,FALSE
Patagioenas caribaea,ldailey4w@barnesandnoble.com,FALSE
Patagioenas plumbea,brishbrook4x@wordpress.org,TRUE
Patagioenas subvinacea,tkinghorne4y@bing.com,TRUE
Patagioenas nigrirostris,cthibodeaux4z@google.it,TRUE
Patagioenas goodsoni,hhackford50@marriott.com,TRUE
Pelagodroma marina,gtwyning51@ibm.com,FALSE
Pelecanus erythrorhynchos,pbenoy52@mozilla.com,FALSE
Pelecanus occidentalis,lshirrell53@upenn.edu,FALSE
Penelope purpurascens,mshannahan54@gov.uk,FALSE
Penelopina nigra,mzapatero55@rediff.com,FALSE
Petrochelidon pyrrhonota,asarfati56@timesonline.co.uk,FALSE
Petrochelidon fulva,kcastard57@cafepress.com,FALSE
Peucaea carpalis,smanon58@list-manage.com,TRUE
Peucaea sumichrasti,ggreenall59@g.co,FALSE
Peucaea ruficauda,rdedon5a@adobe.com,FALSE
Peucaea humeralis,rjenicek5b@cmu.edu,FALSE
Peucaea mystacalis,rsamson5c@tiny.cc,TRUE
Peucaea botterii,mcowburn5d@cnbc.com,FALSE
Peucaea cassinii,bpessolt5e@merriam-webster.com,TRUE
Peucaea aestivalis,aareles5f@php.net,TRUE
Phaenicophilus palmarum,ccerro5g@delicious.com,TRUE
Phaenicophilus poliocephalus,hwoof5h@sbwire.com,FALSE
Phaenostictus mcleannani,jdemicoli5i@livejournal.com,FALSE
Phaethon lepturus,ublunt5j@columbia.edu,FALSE
Phaethon aethereus,nchaff5k@blinklist.com,TRUE
Phaethon rubricauda,nblasgen5l@parallels.com,TRUE
Phaethornis guy,hcondy5m@domainmarket.com,FALSE
Phaethornis mexicanus,iblindmann5n@gov.uk,TRUE
Phaethornis longirostris,dtremble5o@about.me,FALSE
Phaethornis anthophilus,byakobovitz5p@engadget.com,TRUE
Phaethornis striigularis,segle5q@ucoz.ru,FALSE
Phaetusa simplex,mguiu5r@myspace.com,FALSE
Phalacrocorax urile,hallewell5s@clickbank.net,TRUE
Phalacrocorax pelagicus,rwhall5t@prweb.com,FALSE
Phalacrocorax carbo,clowery5u@europa.eu,FALSE
Phalacrocorax auritus,gguillem5v@multiply.com,TRUE
Phalacrocorax brasilianus,shargitt5w@chicagotribune.com,TRUE
Phalaenoptilus nuttallii,dgully5x@ihg.com,FALSE
Phalaropus tricolor,ssavidge5y@geocities.com,FALSE
Phalaropus lobatus,rdunmuir5z@wiley.com,FALSE
Phalaropus fulicarius,uedinburough60@wikia.com,TRUE
Pharomachrus auriceps,agirardini61@artisteer.com,TRUE
Pharomachrus mocinno,hsimonite62@amazon.com,TRUE
Philodice bryantae,dclaesens63@ucsd.edu,TRUE
Philodice mitchellii,vcossom64@fastcompany.com,FALSE
Philortyx fasciatus,kaldwich65@tinyurl.com,FALSE
Phoebastria nigripes,uphillpot66@parallels.com,TRUE
Phoebastria irrorata,anewhouse67@uol.com.br,TRUE
Phoebastria albatrus,mgaltone68@jigsy.com,TRUE
Phoenicopterus ruber,dcreasy69@si.edu,FALSE
Phyllomyias burmeisteri,bkiff6a@huffingtonpost.com,FALSE
Phyllomyias griseiceps,lmeasures6b@uol.com.br,TRUE
Phylloscartes flavovirens,zkubczak6c@sciencedirect.com,FALSE
Phylloscartes superciliaris,aolphert6d@cdbaby.com,TRUE
Pica hudsonia,jstailey6e@netvibes.com,TRUE
Pica nuttalli,mboal6f@ifeng.com,TRUE
Pilherodius pileatus,cmccallum6g@psu.edu,FALSE
Pinaroloxias inornata,tiianon6h@house.gov,FALSE
Pinguinus impennis,tkeers6i@ed.gov,TRUE
Pipilo chlorurus,fofinan6j@globo.com,TRUE
Pipilo maculatus,jshevelin6k@state.gov,TRUE
Pipilo erythrophthalmus,mkingwell6l@abc.net.au,FALSE
Pipilo ocai,csinnat6m@miibeian.gov.cn,FALSE
Piprites griseiceps,aalcide6n@bravesites.com,FALSE
Pittasoma michleri,iyakuntsov6o@disqus.com,FALSE
Platalea leucorodia,blensch6p@nymag.com,TRUE
Platalea ajaja,wbaldack6q@indiatimes.com,TRUE
Platyrinchus cancrominus,cblaszczyk6r@livejournal.com,TRUE
Platyrinchus mystaceus,dmitchel6s@slideshare.net,TRUE
Platyrinchus coronatus,mamos6t@cbc.ca,TRUE
Plectrophenax nivalis,crenouf6u@nba.com,FALSE
Plectrophenax hyperboreus,pwedderburn6v@hp.com,TRUE
Plegadis falcinellus,cschankelborg6w@dropbox.com,FALSE
Plegadis chihi,laxford6x@latimes.com,TRUE
Ploceus cucullatus,stift6y@nba.com,TRUE
Pluvialis squatarola,kstebbings6z@biblegateway.com,FALSE
Podiceps auritus,oscotson70@free.fr,FALSE
Podiceps grisegena,stwentyman71@posterous.com,FALSE
Podiceps nigricollis,hlabro72@ed.gov,FALSE
Podilymbus podiceps,ggomery73@ask.com,FALSE
Podilymbus gigas,jschankel74@domainmarket.com,FALSE
Poecile carolinensis,ltorns75@odnoklassniki.ru,FALSE
Poecile atricapillus,smorhall76@marriott.com,FALSE
Poecile gambeli,scudihy77@ifeng.com,FALSE
Poecile sclateri,dhaydn78@issuu.com,FALSE
Poecile rufescens,afarnes79@businessweek.com,FALSE
Poecile hudsonicus,bmckelvey7a@mapy.cz,TRUE
Poecile cinctus,igould7b@blogs.com,TRUE
Poecilotriccus sylvia,dluxen7c@wix.com,TRUE
Poliocrania exsul,gsiddell7d@networkadvertising.org,TRUE
Polioptila caerulea ,cgrzegorek7e@cnbc.com,TRUE
Polioptila melanura,nmcareavey7f@fema.gov,TRUE
Polioptila nigriceps,ephilp7g@scribd.com,TRUE
Polioptila albiloris,jstopford7h@shinystat.com,FALSE
Porzana carolina,ssoffe7i@prnewswire.com,FALSE
Porzana porzana,kkubatsch7j@ebay.com,TRUE
Priotelus temnurus,delsby7k@studiopress.com,TRUE
Priotelus roseigaster,ksampson7l@nasa.gov,TRUE
Procellaria aequinoctialis,srenney7m@paginegialle.it,TRUE
Procellaria parkinsoni,ltuckett7n@pagesperso-orange.fr,TRUE
Psaltriparus minimus,agreenstock7o@163.com,TRUE
Psarocolius decumanus,boflynn7p@arstechnica.com,TRUE
Psarocolius wagleri,cfeek7q@taobao.com,TRUE
Psarocolius montezuma,kdavidowsky7r@merriam-webster.com,TRUE
Psarocolius guatimozinus,cbulle7s@zimbio.com,TRUE
Pseudonestor xanthophrys,psidlow7t@naver.com,TRUE
Pseudoscops clamator,edrinkhill7u@a8.net,TRUE
Pseudoscops grammicus,hesson7v@oaic.gov.au,FALSE
Pseudotriccus pelzelni,jelleton7w@domainmarket.com,FALSE
Psiloscops flammeolus,mocuddie7x@eventbrite.com,TRUE
Psittirostra psittacea,cmaceveley7y@bing.com,FALSE
Pternistis erckelii,bpomeroy7z@xrea.com,TRUE
Pterocles exustus,edrowsfield80@rambler.ru,FALSE
Ptychoramphus aleuticus,pplanks81@lulu.com,FALSE
Puffinus puffinus,dtombling82@miitbeian.gov.cn,TRUE
Puffinus auricularis,lratie83@wp.com,TRUE
Puffinus newelli,lworvell84@elegantthemes.com,TRUE
Puffinus bryani,vrahill85@ucla.edu,FALSE
Puffinus opisthomelas,mcrumly86@sciencedirect.com,FALSE
Puffinus lherminieri,tconerding87@apple.com,FALSE
Puffinus baroli,dganing88@aboutads.info,TRUE
Pycnonotus cafer,kranklin89@mozilla.com,FALSE
Pycnonotus jocosus,tjaffray8a@guardian.co.uk,TRUE
Pyrocephalus rubinus,nsmitten8b@hhs.gov,FALSE
Quiscalus quiscula,dshayler8c@reverbnation.com,FALSE
Quiscalus major,clochhead8d@google.com,TRUE
Quiscalus lugubris,apetty8e@google.es,FALSE
Rallus obsoletus,cnaisbet8f@mayoclinic.com,TRUE
Rallus tenuirostris,abirdsey8g@mtv.com,FALSE
Rallus longirostris,lverduin8h@ox.ac.uk,FALSE
Rallus elegans,jhaughey8i@theatlantic.com,FALSE
Rallus crepitans,mlaurie8j@ezinearticles.com,FALSE
Rallus limicola,aburgess8k@rambler.ru,TRUE
Rallus aquaticus,womullaney8l@is.gd,FALSE
Ramphocaenus melanurus,cfiggen8m@yellowpages.com,TRUE
Ramphocinclus brachyurus,glere8n@soup.io,TRUE
Recurvirostra americana,opryor8o@godaddy.com,FALSE
Rhodacanthis flaviceps,crubra8p@boston.com,TRUE
Rhodacanthis palmeri,alagden8q@adobe.com,TRUE
Rhodinocichla rosea,cseres8r@miitbeian.gov.cn,TRUE
Rhodostethia rosea,rmckevany8s@craigslist.org,TRUE
Rhynchocyclus brevirostris,dbuist8t@independent.co.uk,FALSE
Rhynchocyclus olivaceus,hritter8u@nasa.gov,FALSE
Rhynchophanes mccownii,vmcginny8v@hibu.com,FALSE
Rhynchortyx cinctus,rglenny8w@fotki.com,FALSE
Riparia riparia,eboydon8x@w3.org,TRUE
Rissa tridactyla,bgovan8y@sfgate.com,TRUE
Rissa brevirostris,tmulder8z@skype.com,TRUE
Rostrhamus sociabilis,lbanghe90@uol.com.br,FALSE
Rynchops niger,nfransemai91@deliciousdays.com,TRUE
Sarcoramphus papa,lkrysztowczyk92@people.com.cn,TRUE
Sayornis nigricans,njays93@hao123.com,TRUE
Sayornis phoebe,wtwitchings94@wikipedia.org,TRUE
Sayornis saya,sfricke95@usgs.gov,TRUE
Sclerurus mexicanus,aelleyne96@marriott.com,TRUE
Sclerurus albigularis,bkeep97@newsvine.com,TRUE
Sclerurus guatemalensis,tblanch98@mlb.com,FALSE
Scytalopus panamensis,lthorneloe99@weather.com,TRUE
Scytalopus chocoensis,sabramski9a@deviantart.com,FALSE
Scytalopus argentifrons,cclappson9b@lulu.com,TRUE
Selasphorus calliope,hdavidovitch9c@weebly.com,TRUE
Selasphorus rufus,djaquiss9d@netlog.com,TRUE
Selasphorus sasin,lmattiassi9e@cisco.com,TRUE
Selasphorus platycercus,akirby9f@mozilla.org,TRUE
Selasphorus heloisa,nmeegin9g@networksolutions.com,FALSE
Selasphorus ellioti,hcuree9h@columbia.edu,TRUE
Serpophaga cinerea,bdecarolis9i@newyorker.com,FALSE
Setophaga dominica,croony9j@comsenz.com,TRUE
Setophaga flavescens,cklemt9k@cocolog-nifty.com,FALSE
Setophaga vitellina,hnitto9l@blogspot.com,TRUE
Setophaga discolor,mdoyley9m@fc2.com,TRUE
Setophaga adelaidae,flett9n@dedecms.com,TRUE
Setophaga subita,amerryman9o@microsoft.com,FALSE
Setophaga delicata,pcowpland9p@about.com,TRUE
Setophaga graciae,sbathurst9q@ameblo.jp,TRUE
Setophaga nigrescens,sliver9r@nbcnews.com,FALSE
Setophaga townsendi,aletertre9s@networkadvertising.org,FALSE
Setophaga occidentalis,jmccurlye9t@ihg.com,TRUE
Setophaga chrysoparia,qweson9u@vkontakte.ru,TRUE
Setophaga virens,dbech9v@arstechnica.com,TRUE
Sialia sialis,djorg9w@jimdo.com,FALSE
Sialia mexicana,fnorthin9x@imageshack.us,TRUE
Sialia currucoides,aamiss9y@vimeo.com,TRUE
Siphonorhis americana,fduferie9z@whitehouse.gov,TRUE
Siphonorhis brewsteri,hsimionescua0@google.ru,TRUE
Sipia laemosticta,kferreaa1@icio.us,TRUE
Sitta canadensis,rmacphadena2@rakuten.co.jp,TRUE
Sitta carolinensis,eandriolia3@technorati.com,FALSE
Sitta pygmaea,jlegueya4@independent.co.uk,FALSE
Sitta pusilla,fdumsdaya5@ed.gov,TRUE
Sitta insularis,hstolla6@dot.gov,FALSE
Sittasomus griseicapillus,erabla7@sourceforge.net,TRUE
Spermestes cucullata,tmyderscougha8@miibeian.gov.cn,FALSE
Spinus psaltria,cmontforda9@tripadvisor.com,FALSE
Spinus tristis,jmallenaa@bbb.org,TRUE
Spizella passerina,adevonportab@boston.com,TRUE
Spizella pallida,rhickissonac@samsung.com,TRUE
Spizella atrogularis,jfoxonad@jimdo.com,FALSE
Spizella pusilla,dsilcocksae@a8.net,TRUE
Spizella breweri,dlefeveraf@msu.edu,FALSE
Spizella wortheni,cstolleag@sakura.ne.jp,TRUE
Spizelloides arborea,wvilesah@army.mil,TRUE
Sporophila lineola,amcgroartyai@e-recht24.de,TRUE
Sporophila funerea,jbockhaj@typepad.com,FALSE
Sporophila crassirostris,kbampfordak@cdbaby.com,FALSE
Sporophila nuttingi,dtulleyal@miitbeian.gov.cn,FALSE
Sporophila corvina,telkingtonam@dropbox.com,FALSE
Starnoenas cyanocephala,jcapnoran@pagesperso-orange.fr,TRUE
Steatornis caripensis,ltitcomao@guardian.co.uk,TRUE
Stercorarius skua,arayap@smugmug.com,FALSE
Stercorarius maccormicki,jkinnaraq@unblog.fr,FALSE
Stercorarius pomarinus,cleveretar@dmoz.org,FALSE
Stercorarius parasiticus,rbourthouloumeas@prlog.org,FALSE
Stercorarius longicaudus,bpiggenat@indiatimes.com,TRUE
Sterna dougallii,djakobssonau@opera.com,FALSE
Sterna hirundo,imallonav@drupal.org,FALSE
Streptopelia orientalis,gmackartanaw@cdc.gov,FALSE
Streptopelia roseogrisea,dcrewsax@google.ca,FALSE
Streptopelia turtur,lgwionethay@toplist.cz,TRUE
Streptopelia decaocto,gbecraftaz@telegraph.co.uk,FALSE
Streptopelia chinensis,spurkinsb0@slashdot.org,FALSE
Streptoprocne rutila,mchmarnyb1@mashable.com,FALSE
Streptoprocne zonaris,mayreb2@studiopress.com,TRUE
Streptoprocne semicollaris,kleipnikb3@exblog.jp,FALSE
Strix occidentalis,dwollardb4@eventbrite.com,FALSE
Strix varia,klimonb5@google.de,TRUE
Strix sartorii,dklewib6@netlog.com,TRUE
Strix fulvescens,espinellab7@army.mil,TRUE
Strix nebulosa,sfellenorb8@blinklist.com,FALSE
Sturnella magna,sklampkb9@uiuc.edu,TRUE
Sturnella neglecta,ohasseyba@liveinternet.ru,FALSE
Sturnus vulgaris,twordleybb@soundcloud.com,TRUE
Sublegatus arenarum,salgatebc@google.com,TRUE
Sula dactylatra,jstrephanbd@fotki.com,TRUE
Sula granti,kcrinagebe@vimeo.com,TRUE
Sula nebouxii,gfaustianbf@scribd.com,TRUE
Sula variegata,cdacresbg@blogger.com,TRUE
Tachornis phoenicobia,mdalgarnobh@vkontakte.ru,TRUE
Tachybaptus dominicus,theadsbi@amazon.co.uk,TRUE
Tachycineta bicolor,bgrassibj@google.nl,TRUE
Tachycineta euchrysea,cbaggsbk@microsoft.com,TRUE
Tachycineta albilinea,ngifkinsbl@cpanel.net,TRUE
Taraba major,cmcpheebm@plala.or.jp,FALSE
Telespiza cantans,clivardbn@dailymotion.com,TRUE
Telespiza ultima,slawleffbo@1688.com,TRUE
Thalassarche chlororhynchos,tgerrietzbp@live.com,TRUE
Thalassarche cauta,ssegravebq@bigcartel.com,TRUE
Thalasseus elegans,tspriggingbr@google.es,FALSE
Thalurania colombica,scotesfordbs@wordpress.com,TRUE
Thamnistes anabatinus,cpolhillbt@nationalgeographic.com,TRUE
Thamnophilus doliatus,fwheldonbu@bloglines.com,FALSE
Thamnophilus nigriceps,gsimminsbv@bravesites.com,TRUE
Thamnophilus bridgesi,lswanborrowbw@amazon.de,FALSE
Thamnophilus atrinucha,seliezbx@flavors.me,FALSE
Theristicus caudatus,echellamby@infoseek.co.jp,FALSE
Threnetes ruckeri,lgellettbz@disqus.com,TRUE
Tilmatura dupontii,lmickac0@tinyurl.com,FALSE
Tinamus major,ktrainc1@phpbb.com,FALSE
Todirostrum cinereum,ldefewc2@bluehost.com,FALSE
Todirostrum nigriceps,mkintzelc3@smugmug.com,FALSE
Todus multicolor,cperillioc4@gmpg.org,FALSE
Todus subulatus,ekhilkovc5@wordpress.org,FALSE
Todus angustirostris,wcarpmilec6@meetup.com,TRUE
Todus todus,bmchalec7@answers.com,TRUE
Todus mexicanus,ipooleyc8@t-online.de,TRUE
Tolmomyias sulphurescens,scoakerc9@comcast.net,TRUE
Tolmomyias assimilis,bveazeyca@ebay.com,TRUE
Tolmomyias flaviventris,dkedsliecb@tmall.com,FALSE
Toxostoma bendirei,mmothcc@census.gov,FALSE
Toxostoma cinereum,honslowcd@virginia.edu,FALSE
Toxostoma redivivum,ghagyardce@skype.com,TRUE
Toxostoma lecontei,ccondycf@xrea.com,TRUE
Toxostoma crissale,kmontezcg@com.com,TRUE
Tringa flavipes,tkidstonch@ycombinator.com,TRUE
Tringa semipalmata,jweinsci@youku.com,TRUE
Tringa erythropus,edulantycj@goodreads.com,TRUE
Tringa nebularia,egentyck@google.de,TRUE
Tringa melanoleuca,bullyottcl@themeforest.net,TRUE
Tringa totanus,ndobelcm@cbc.ca,TRUE
Tringa glareola,cfippecn@bbb.org,FALSE
Tringa stagnatilis,hfidoeco@google.de,TRUE
Trogon rufus,hdevonscp@symantec.com,TRUE
Trogon elegans,hpaulercq@xrea.com,TRUE
Trogon collaris,bgagiecr@blog.com,TRUE
Turdus viscivorus,tdelioncs@comsenz.com,FALSE
Turdus rufopalliatus,dandrivotct@cloudflare.com,FALSE
Turdus rufitorques,yloinescu@oakley.com,TRUE
Turdus migratorius,rmanachcv@domainmarket.com,TRUE
Turdus swalesi,talpescw@mozilla.com,TRUE
Turdus aurantius,ralywincx@ustream.tv,TRUE
Turdus ravidus,gdarwentcy@xrea.com,FALSE
Turdus plumbeus,jsturzakercz@mapy.cz,FALSE
Turdus lherminieri,mmayned0@newsvine.com,TRUE
Tyrannulus elatus,hoscolleed1@google.ru,TRUE
Tyto alba,tcrowed2@noaa.gov,FALSE
Tyto glaucops,asprulld3@geocities.jp,TRUE
Upupa epops,echattawayd4@army.mil,TRUE
Uria aalge,jkuzemkad5@dell.com,TRUE
Uria lomvia,athundermand6@hostgator.com,TRUE
Uropsila leucogastra,ldunsleved7@bloglovin.com,TRUE
Vanellus vanellus,gcockertond8@illinois.edu,FALSE
Vanellus chilensis,abenfieldd9@amazonaws.com,TRUE
Vidua macroura,lflooksda@globo.com,FALSE
Xema sabini,gphillcockdb@time.com,FALSE
Xenornis setifrons,gdowtydc@paypal.com,TRUE
Zeledonia coronata,oholtawaydd@sogou.com,TRUE
Zenaida asiatica,drikelde@theguardian.com,FALSE
Zenaida aurita,szecchiidf@samsung.com,FALSE
Zenaida auriculata,timosdg@hc360.com,TRUE
Zenaida macroura,kcaurahdh@miibeian.gov.cn,FALSE
Zenaida graysoni,aelleraydi@youtu.be,FALSE
Zentrygon costaricensis,cgheraldidj@sbwire.com,TRUE
Zentrygon lawrencii,gmirandodk@vk.com,FALSE
Zentrygon albifacies,tnicholasdl@guardian.co.uk,FALSE
Zentrygon chiriquensis,eneumanndm@shop-pro.jp,TRUE
Zentrygon goldmani,bmccamishdn@csmonitor.com,TRUE
Zimmerius vilissimus,dcallumdo@topsy.com,TRUE
Zimmerius parvus,mphizackarleydp@over-blog.com,TRUE
Zonotrichia capensis,ivitalldq@ca.gov,TRUE
Zonotrichia leucophrys,jmcgaugheydr@symantec.com,TRUE
Zonotrichia atricapilla,jprobertds@examiner.com,TRUE
Zonotrichia querula,schoatdt@youku.com,TRUE
Zonotrichia albicollis,kfurlongedu@lycos.com,FALSE
Zoothera aurea,ajovovicdv@behance.net,TRUE